{"cameraMode":{"drawMode":0,"name":"Shaded","section":"Shading Mode"},"sceneLighting":true,"audioPlay":false,"sceneViewState":{"m_AlwaysRefresh":false,"showFog":true,"showSkybox":true,"showFlares":true,"showImageEffects":true,"showParticleSystems":true,"showVisualEffectGraphs":true,"m_FxEnabled":true},"in2DMode":false,"pivot":{"x":-15.505492210388184,"y":4.914033889770508,"z":1.7925812005996705},"rotation":{"x":-0.5118471384048462,"y":0.00396809633821249,"z":0.0021203048527240755,"w":0.8591457009315491},"size":19.014089584350587,"orthographic":true}