{"cameraMode":{"drawMode":0,"name":"Shaded","section":"Shading Mode"},"sceneLighting":true,"audioPlay":false,"sceneViewState":{"m_AlwaysRefresh":false,"showFog":true,"showSkybox":true,"showFlares":true,"showImageEffects":true,"showParticleSystems":true,"showVisualEffectGraphs":true,"m_FxEnabled":true},"in2DMode":false,"pivot":{"x":-15.152475357055664,"y":96.6091537475586,"z":-4.473124980926514},"rotation":{"x":0.0007772322278469801,"y":0.7621983885765076,"z":-0.6473637223243713,"w":0.000916128046810627},"size":35.119441986083987,"orthographic":true}