{"cameraMode":{"drawMode":0,"name":"Shaded","section":"Shading Mode"},"sceneLighting":true,"audioPlay":false,"sceneViewState":{"m_AlwaysRefresh":false,"showFog":true,"showSkybox":true,"showFlares":true,"showImageEffects":true,"showParticleSystems":true,"showVisualEffectGraphs":true,"m_FxEnabled":true},"in2DMode":false,"pivot":{"x":36.00294876098633,"y":1.0341740846633912,"z":12.014286994934082},"rotation":{"x":-0.030460283160209657,"y":0.9489892721176148,"z":-0.2985662817955017,"w":-0.09684832394123078},"size":2.5245556831359865,"orthographic":false}